{
  "gizmos-infos": {
    "is2D": false,
    "is3DIcon": false,
    "iconSize": 2,
    "gridVisible": true,
    "gridColor": [
      150,
      150,
      150,
      255
    ],
    "isIconGizmo3D": false,
    "iconGizmoSize": 2,
    "isGridVisible": true
  },
  "float-window": {
    "position": {
      "cc": {
        "Camera": {
          "dock": false,
          "top": null,
          "bottom": 10,
          "left": null,
          "right": 10
        }
      }
    }
  },
  "camera-infos": {
    "f46876e4-e81b-4931-b493-6d367be385e7": {
      "position": {
        "x": 25.138864962690647,
        "y": 25.138864962690654,
        "z": 25.13886496269066
      },
      "rotation": {
        "x": -0.27984814233312133,
        "y": 0.3647051996310009,
        "z": 0.11591689595929514,
        "w": 0.8804762392171493
      },
      "viewCenter": {
        "x": 0,
        "y": 0,
        "z": 0
      }
    },
    "1484ad4b-79ac-40a1-9322-24610b2a29de": {
      "position": {
        "x": -14.183932686777794,
        "y": 16.11159468227726,
        "z": 28.374645787627518
      },
      "rotation": {
        "x": -0.2719729749806734,
        "y": -0.3490371482987085,
        "z": -0.10661179571051731,
        "w": 0.8904143389473501
      },
      "viewCenter": {
        "x": 5.1243015371145475,
        "y": -3.031367928990548,
        "z": 7.530780724247741
      }
    }
  },
  "camera-uuids": [
    "f46876e4-e81b-4931-b493-6d367be385e7"
  ],
  "camera": {
    "fov": 45
  }
}
